match_id,date,innings,over_number,phase,batter,bowler,current_score,current_wickets,required_run_rate,batter_innings_balls,batter_matchup_balls,predicted,actual,absolute_error,inside_80,inside_95,target_wicket,target_six,target_extras
1529272,2026-04-19,1,13,middle,fe366f34,6a26221c,147,1,0.0,38,0.0,12.70074251491347,32.0,19.299257485086528,False,False,0,1,1
1535463,2026-05-27,1,8,middle,6c19c6e5,ece7b6b3,96,0,0.0,19,2.0,11.305114774262599,29.0,17.6948852257374,False,False,1,1,2
1529289,2026-05-03,1,14,middle,d9273ee7,025c4400,81,5,0.0,17,0.0,9.52520497243116,27.0,17.474795027568838,False,False,0,1,0
1529278,2026-04-25,1,12,middle,fb2d1dda,3b53243a,114,1,0.0,26,0.0,11.091228411022907,28.0,16.908771588977093,False,False,0,1,0
1535462,2026-05-26,1,15,middle,5b8c830e,fa2f1dde,140,3,0.0,20,0.0,11.518405754508722,28.0,16.48159424549128,False,False,0,1,3
1529302,2026-05-15,2,5,powerplay,3d8feaf8,fcc21ace,39,0,9.3125,13,14.0,11.682547137729339,28.0,16.317452862270663,False,False,0,1,0
1529310,2026-05-22,1,13,middle,752f7486,03806cf8,129,2,0.0,25,18.0,10.707210870844719,27.0,16.29278912915528,False,False,0,1,3
1529307,2026-05-19,2,12,middle,bcf325d2,b1ad996b,137,1,9.333333333333334,14,0.0,12.710444068562348,29.0,16.289555931437654,False,False,0,1,0
1527675,2026-03-29,1,4,powerplay,29e95537,dbe50b21,31,0,0.0,7,27.0,9.953805673399938,26.0,16.046194326600062,False,False,0,1,2
1529279,2026-04-25,1,1,powerplay,6c19c6e5,ece7b6b3,0,0,0.0,0,1.0,8.956748708996617,25.0,16.043251291003383,False,False,0,1,0
1529288,2026-05-03,2,4,powerplay,bf74b130,ded9240e,22,0,8.470588235294118,7,0.0,10.96893611256268,27.0,16.03106388743732,False,False,1,1,5
1529296,2026-05-10,2,5,powerplay,45a43fe2,eef2536f,47,1,9.8125,9,20.0,9.796247672461362,25.0,15.203752327538638,False,False,0,1,0
1527679,2026-04-02,2,1,powerplay,29e95537,6c79c098,0,0,11.35,0,0.0,9.811963503363655,25.0,15.188036496636345,False,False,0,1,0
1535464,2026-05-29,1,20,death,fe93fd9d,5f547c8b,187,6,0.0,34,43.0,12.269666599694776,27.0,14.730333400305224,False,False,0,1,0
1527684,2026-04-05,1,19,death,f1f99156,59559bc2,207,3,0.0,17,0.0,15.328354373019357,30.0,14.671645626980643,False,False,0,1,0
1529285,2026-04-30,2,2,powerplay,b4b99816,03806cf8,12,0,7.578947368421052,4,18.0,9.346617633571558,24.0,14.653382366428442,False,False,0,1,0
1529266,2026-04-15,2,12,middle,c740ea83,13fc5c6d,92,3,6.111111111111111,10,3.0,8.744541624765919,23.0,14.255458375234081,False,False,0,1,0
1529307,2026-05-19,2,9,middle,470f446b,b483905d,84,1,11.416666666666666,16,0.0,12.050608150819343,26.0,13.949391849180657,False,False,0,1,2
1529302,2026-05-15,2,17,death,3241e3fd,fcc21ace,164,3,6.0,13,15.0,10.281486981346818,24.0,13.718513018653182,False,False,0,1,0
1535463,2026-05-27,1,3,powerplay,6c19c6e5,ded9240e,20,0,0.0,7,19.0,11.348604088267884,25.0,13.651395911732116,False,False,0,1,1
1529296,2026-05-10,2,6,powerplay,45a43fe2,13fc5c6d,72,1,8.8,12,0.0,11.373888870324738,25.0,13.626111129675262,False,False,0,1,1
1527679,2026-04-02,1,5,powerplay,f29185a1,5b7ab5a9,46,0,0.0,7,14.0,11.423279113826565,25.0,13.576720886173435,False,False,0,1,1
1529290,2026-05-04,1,4,powerplay,3241e3fd,462411b3,30,1,0.0,1,22.0,7.446986462229539,21.0,13.553013537770461,False,False,0,1,3
1529281,2026-04-26,1,20,death,0a509d6b,13fc5c6d,129,7,0.0,45,3.0,12.567546641103334,26.0,13.432453358896666,False,False,0,1,2
1529295,2026-05-09,2,5,powerplay,bcf325d2,2f49c897,40,2,11.875,1,14.0,8.586357322327224,22.0,13.413642677672776,False,False,0,1,0
1527693,2026-04-12,2,20,death,d014d5ac,c5aef772,196,5,45.0,25,0.0,12.658133062731032,26.0,13.341866937268968,False,False,0,1,2
1529270,2026-04-18,2,3,powerplay,b2b4f545,ece7b6b3,23,1,9.555555555555555,4,0.0,10.753309955342724,24.0,13.246690044657276,False,False,0,1,2
1529311,2026-05-23,1,6,powerplay,989889ff,8f6dd463,42,2,0.0,11,0.0,10.875200972182988,24.0,13.124799027817012,False,False,0,1,1
1527684,2026-04-05,2,5,powerplay,f088b960,dadbdb68,41,3,13.125,12,0.0,9.906728558348346,23.0,13.093271441651654,False,False,0,1,2
1529301,2026-05-14,1,19,death,0494fa6e,172dff15,166,8,0.0,3,0.0,8.954848562666589,22.0,13.045151437333411,False,False,0,1,1
1529273,2026-04-20,1,18,death,b0482a1d,50c09020,141,4,0.0,32,0.0,12.964443983830725,26.0,13.035556016169275,False,False,0,1,0
1527690,2026-04-11,1,3,powerplay,f29185a1,244048f6,20,0,0.0,7,35.0,10.970277216419623,24.0,13.029722783580377,False,False,0,1,4
1529264,2026-04-13,1,18,death,d7423da1,ce820073,170,4,0.0,6,0.0,11.096780084869758,24.0,12.903219915130242,False,False,0,1,1
1527687,2026-04-08,1,12,middle,b4b99816,5ffc0565,110,2,0.0,23,13.0,10.121105507602294,23.0,12.878894492397706,False,False,0,1,1
1529307,2026-05-19,2,1,powerplay,6c19c6e5,b483905d,0,0,11.05,0,17.0,10.22460711438945,23.0,12.77539288561055,False,False,0,0,7
1529280,2026-04-26,1,15,middle,45a43fe2,5f547c8b,75,4,0.0,45,63.0,8.247713149876207,21.0,12.752286850123793,False,False,0,1,5
1529313,2026-05-24,2,8,middle,93b4fc78,2e171977,64,1,10.76923076923077,12,67.0,8.323924576352365,21.0,12.676075423647635,False,False,0,1,0
1529305,2026-05-17,1,12,middle,04a418e8,2cffab74,117,2,0.0,13,5.0,10.352380954565616,23.0,12.647619045434384,False,False,0,1,0
1529270,2026-04-18,1,5,powerplay,12b610c2,a90e53ec,38,0,0.0,14,0.0,12.382444259814342,25.0,12.617555740185658,False,False,0,1,0
1529298,2026-05-11,1,1,powerplay,b5797845,3fb19989,0,0,0.0,0,0.0,9.529631083502274,22.0,12.470368916497726,False,False,0,1,5
1527687,2026-04-08,1,5,powerplay,99b75528,2cffab74,40,1,0.0,10,21.0,10.675538681491227,23.0,12.324461318508773,False,False,0,1,0
1529278,2026-04-25,2,4,powerplay,9418198b,7c3c0337,56,0,12.294117647058824,8,0.0,14.733999843797701,27.0,12.266000156202299,False,False,0,1,2
1535464,2026-05-29,1,3,powerplay,470f446b,2f49c897,13,2,0.0,3,20.0,8.8017847924771,21.0,12.1982152075229,False,False,0,0,5
1529274,2026-04-21,1,11,middle,752f7486,8d2c70ad,104,1,0.0,4,25.0,9.816232844637224,22.0,12.183767155362776,False,False,0,1,0
1527681,2026-04-04,2,11,middle,f89d3b11,172dff15,73,3,9.0,23,0.0,7.969104712947345,20.0,12.030895287052655,False,False,0,1,0
1529301,2026-05-14,2,17,death,d014d5ac,8f6dd463,149,3,13.0,18,0.0,13.978225521459914,2.0,11.978225521459914,False,False,1,0,0
1529309,2026-05-21,1,14,middle,d5130a30,efc04be7,129,1,0.0,37,16.0,10.04682693492989,22.0,11.95317306507011,False,False,0,1,2
1529298,2026-05-11,1,6,powerplay,b5797845,7c3c0337,70,0,0.0,23,6.0,13.819524349338565,2.0,11.819524349338565,False,False,0,0,0
1529267,2026-04-16,2,3,powerplay,9418198b,9ca68676,26,0,9.444444444444445,4,0.0,12.756067423641817,1.0,11.756067423641817,False,False,1,0,0
1527689,2026-04-10,2,6,powerplay,bcf325d2,82c10dac,73,1,8.6,4,0.0,12.262506253994395,24.0,11.737493746005605,False,False,0,1,0
1529285,2026-04-30,1,2,powerplay,ba607b88,e62dd25d,6,0,0.0,2,43.0,9.398799357554802,21.0,11.601200642445198,False,False,0,0,0
1527683,2026-04-05,1,15,middle,235c2bb6,13fc5c6d,92,4,0.0,27,10.0,10.43781191922684,22.0,11.56218808077316,False,False,0,1,1
1527684,2026-04-05,1,13,middle,2c25d4f5,a4e37e47,114,2,0.0,20,0.0,11.454250682710905,23.0,11.545749317289095,False,False,0,1,1
1529304,2026-05-17,1,7,middle,2c25d4f5,57ee1fde,61,1,0.0,14,6.0,9.4861724310327,21.0,11.5138275689673,False,False,0,1,1
1529303,2026-05-16,1,19,death,d7017798,2f49c897,210,2,0.0,36,8.0,13.535910765262226,25.0,11.464089234737774,False,False,0,1,1
1529267,2026-04-16,2,1,powerplay,b5797845,23eeb873,0,0,9.8,0,4.0,9.541088156197324,21.0,11.458911843802676,False,False,0,1,1
1529285,2026-04-30,1,20,death,a24be938,12314277,155,8,0.0,14,0.0,11.43263149034307,0.0,11.43263149034307,False,False,1,0,0
1527687,2026-04-08,2,6,powerplay,b17e2f24,50c09020,40,0,11.4,18,0.0,11.596521566654102,23.0,11.403478433345898,False,False,0,1,0
1529278,2026-04-25,2,16,death,85ec8e33,8d2c70ad,203,4,12.4,21,53.0,11.624093131574798,23.0,11.375906868425202,False,False,0,1,1
1529290,2026-05-04,2,9,middle,740742ef,cf0ccafa,98,0,10.916666666666666,26,0.0,11.690348195899187,23.0,11.309651804100813,False,False,0,1,0
1527684,2026-04-05,1,15,middle,2c25d4f5,59559bc2,151,2,0.0,28,0.0,13.303874969209957,2.0,11.303874969209957,False,False,1,0,1
1527674,2026-03-28,1,13,middle,235c2bb6,5b8c830e,105,3,0.0,18,9.0,9.703805832189687,21.0,11.296194167810313,False,False,0,1,0
1527690,2026-04-11,1,5,powerplay,f29185a1,54e52590,60,0,0.0,14,4.0,12.738907944628703,24.0,11.261092055371297,False,False,0,1,0
1529264,2026-04-13,1,11,middle,752f7486,46a9bea1,89,2,0.0,31,22.0,9.842596017436676,21.0,11.157403982563324,False,False,0,1,1
1527693,2026-04-12,1,5,powerplay,3d284ca3,e4a0deae,43,0,0.0,13,0.0,10.914330605255783,22.0,11.085669394744217,False,False,0,1,0
1529313,2026-05-24,1,11,middle,2e171977,5d2eea49,88,2,0.0,3,9.0,8.966793024419157,20.0,11.033206975580843,False,False,0,1,0
1529295,2026-05-09,1,1,powerplay,d5130a30,5574750c,0,0,0.0,0,28.0,7.0019949451439105,18.0,10.99800505485609,False,False,0,0,9
1529294,2026-05-08,1,20,death,5ffc0565,5d2eea49,139,6,0.0,1,0.0,13.950341947889495,3.0,10.950341947889495,False,False,1,0,0
1527683,2026-04-05,1,19,death,235c2bb6,eef2536f,144,5,0.0,40,15.0,12.915640968698822,2.0,10.915640968698822,False,False,1,0,0
1529279,2026-04-25,1,14,middle,04a418e8,280fff14,153,2,0.0,2,0.0,11.141349407438645,22.0,10.858650592561355,False,False,1,1,1
1527674,2026-03-28,2,12,middle,c740ea83,5750bcb4,140,2,6.888888888888889,6,3.0,11.153413587588837,22.0,10.846586412411163,False,False,0,1,4
1529283,2026-04-28,1,20,death,d9273ee7,133bbd61,198,4,0.0,16,0.0,13.20990221613754,24.0,10.79009778386246,False,False,0,1,0
1529265,2026-04-14,1,4,powerplay,a4cc73aa,eaa76d3c,31,1,0.0,10,11.0,10.268499440800204,21.0,10.731500559199796,False,False,0,1,0
1529302,2026-05-15,1,20,death,e148e6bd,80b2fb19,164,5,0.0,8,5.0,12.27934761912584,23.0,10.72065238087416,False,False,0,1,0
1535464,2026-05-29,2,1,powerplay,d5130a30,5574750c,0,0,10.75,0,33.0,8.286117722013728,19.0,10.713882277986272,False,False,0,0,1
1529270,2026-04-18,1,18,death,235c2bb6,fcc21ace,177,5,0.0,37,3.0,12.658663616508377,2.0,10.658663616508377,False,False,1,0,1
1529297,2026-05-10,1,2,powerplay,740742ef,03806cf8,4,1,0.0,2,6.0,7.351557365774183,18.0,10.648442634225816,False,False,0,1,2
1527687,2026-04-08,1,18,death,f19ccfad,f834dcfc,182,2,0.0,26,0.0,13.647547633624342,3.0,10.647547633624342,False,False,1,0,1
1529312,2026-05-24,2,12,middle,271f83cd,02dfebbe,94,4,12.444444444444445,28,0.0,11.450475851261913,22.0,10.549524148738087,False,True,1,1,1
1529310,2026-05-22,2,4,powerplay,a24be938,7b44eb3e,34,0,13.058823529411764,12,0.0,12.450930277859584,23.0,10.549069722140416,False,True,0,1,1
1529278,2026-04-25,2,6,powerplay,9418198b,2cffab74,92,0,11.533333333333333,17,5.0,13.4754873108176,24.0,10.5245126891824,False,True,0,0,0
1529267,2026-04-16,1,7,middle,fffa744b,57ee1fde,48,2,0.0,16,0.0,8.508827296883359,19.0,10.491172703116641,False,True,0,1,1
1527687,2026-04-08,2,9,middle,8ee36b18,85e0cf10,76,0,11.25,23,0.0,10.523926262158115,21.0,10.476073737841885,False,True,1,1,0
1529276,2026-04-23,1,2,powerplay,45a43fe2,dbe50b21,7,0,0.0,2,18.0,8.547834906279837,19.0,10.452165093720163,False,True,0,1,2
1529274,2026-04-21,1,19,death,235c2bb6,ce794613,216,2,0.0,6,0.0,16.4444618769609,6.0,10.4444618769609,False,True,0,0,1
1529271,2026-04-19,1,19,death,fe93fd9d,5d2eea49,144,5,0.0,6,5.0,12.434253328242463,2.0,10.434253328242463,False,True,1,0,1
1529298,2026-05-11,2,19,death,fb5f69e4,4b31f3a3,194,6,8.5,5,0.0,11.566783256900363,22.0,10.433216743099637,False,True,1,1,1
1527693,2026-04-12,1,13,middle,c740ea83,1abb78f8,144,1,0.0,6,4.0,12.578966495793242,23.0,10.421033504206758,False,True,0,1,4
1529269,2026-04-18,1,19,death,800d2d97,ce794613,167,6,0.0,15,8.0,12.371258802005439,2.0,10.371258802005439,False,True,0,0,0
1529278,2026-04-25,1,16,death,b17e2f24,54e52590,189,1,0.0,48,0.0,13.668081654945976,24.0,10.331918345054024,False,True,0,1,1
1529276,2026-04-23,1,4,powerplay,a4cc73aa,dbe50b21,32,1,0.0,6,38.0,8.720639397290508,19.0,10.279360602709492,False,True,0,1,1
1527692,2026-04-12,1,2,powerplay,3d8feaf8,e62dd25d,4,0,0.0,1,24.0,8.722709139137203,19.0,10.277290860862797,False,True,1,1,0
1529282,2026-04-27,2,5,powerplay,ba607b88,68c56d09,39,1,2.3125,7,10.0,10.750341894123538,21.0,10.249658105876462,False,True,0,1,0
1527689,2026-04-10,1,20,death,a24be938,ce820073,180,8,0.0,9,1.0,10.757975636374109,21.0,10.242024363625891,False,True,0,1,1
1529273,2026-04-20,1,15,middle,b0482a1d,85e0cf10,103,4,0.0,22,10.0,8.764921075477318,19.0,10.235078924522682,False,True,0,1,1
1529311,2026-05-23,2,16,death,85ec8e33,8cf9814c,162,3,7.0,40,23.0,9.80665967998582,20.0,10.19334032001418,False,True,0,1,0
1529289,2026-05-03,1,6,powerplay,9418198b,e62dd25d,35,2,0.0,12,12.0,10.177636265887818,0.0,10.177636265887818,False,True,1,0,0
1529284,2026-04-29,2,7,middle,f29185a1,d45c29b1,92,0,10.857142857142858,17,0.0,12.83038493796733,23.0,10.16961506203267,False,True,0,1,1
1529297,2026-05-10,2,13,middle,3c55c703,172dff15,94,3,9.125,26,0.0,10.147189477081236,0.0,10.147189477081236,False,True,1,0,0
1529303,2026-05-16,2,19,death,d5130a30,11061889,203,2,22.5,21,0.0,15.07407236400048,5.0,10.07407236400048,False,True,1,0,1
1529298,2026-05-11,2,4,powerplay,926c7443,4b31f3a3,14,2,11.588235294117647,1,0.0,7.965050350544497,18.0,10.034949649455502,False,True,0,1,0
1527687,2026-04-08,2,19,death,d67d5f00,2f49c897,175,6,18.0,13,13.0,12.967948265853037,23.0,10.032051734146963,False,True,0,1,1
1529301,2026-05-14,1,18,death,0494fa6e,23eeb873,147,7,0.0,2,0.0,8.97558469293397,19.0,10.02441530706603,False,True,1,1,0
1529268,2026-04-17,1,13,middle,e4cdf230,50c09020,103,4,0.0,3,0.0,9.066934573607051,19.0,9.933065426392949,False,True,0,1,1
1527689,2026-04-10,1,2,powerplay,2c25d4f5,465aa633,13,1,0.0,4,0.0,9.070887822198257,19.0,9.929112177801743,False,True,0,0,9
1529311,2026-05-23,1,12,middle,919a3be2,244048f6,103,3,0.0,15,8.0,9.078626282095234,19.0,9.921373717904766,False,True,0,1,1
1529268,2026-04-17,2,3,powerplay,d5130a30,e4cdf230,20,0,8.944444444444445,5,0.0,10.083931488086325,20.0,9.916068511913675,False,True,0,1,0
1529291,2026-05-05,1,6,powerplay,b17e2f24,4d7f517e,36,1,0.0,12,5.0,10.91483896710198,1.0,9.91483896710198,False,True,1,0,0
1527684,2026-04-05,2,12,middle,e148e6bd,c5aef772,117,6,14.88888888888889,11,0.0,9.087997284775263,19.0,9.912002715224737,False,True,0,1,0
1529272,2026-04-19,1,20,death,d9273ee7,80b2fb19,249,5,0.0,13,0.0,14.908038606145338,5.0,9.908038606145338,False,True,1,0,0
1529294,2026-05-08,2,13,middle,eaa76d3c,5ffc0565,104,2,4.875,23,0.0,11.105806981814084,21.0,9.894193018185916,False,True,0,1,0
1527677,2026-03-31,2,4,powerplay,9418198b,e62dd25d,18,1,8.529411764705882,3,7.0,9.118196609838929,19.0,9.881803390161071,False,True,0,1,0
1529285,2026-04-30,2,7,middle,f19ccfad,9440ef41,69,2,6.214285714285714,1,3.0,7.118277819665149,17.0,9.881722180334851,False,True,0,1,1
1529286,2026-05-01,1,6,powerplay,04a418e8,68c56d09,36,2,0.0,12,4.0,10.123676967351274,20.0,9.876323032648726,False,True,0,1,0
1529271,2026-04-19,2,16,death,0a509d6b,df064e1a,97,6,11.8,17,15.0,9.144911274698638,19.0,9.855088725301362,False,True,0,1,3
1529303,2026-05-16,2,14,middle,b4b99816,5b7ab5a9,130,1,16.857142857142858,37,38.0,12.165978598438343,22.0,9.834021401561657,False,True,0,1,0
1535464,2026-05-29,1,9,middle,04a418e8,5f547c8b,82,2,0.0,0,30.0,8.172950086816517,18.0,9.827049913183483,False,True,0,1,0
1529275,2026-04-22,1,4,powerplay,470f446b,c33d8116,32,2,0.0,5,0.0,9.787550702899834,0.0,9.787550702899834,False,True,1,0,0
1529306,2026-05-18,1,1,powerplay,a4cc73aa,aad0c365,0,0,0.0,0,1.0,7.279008744042237,17.0,9.720991255957763,False,True,0,1,1
1527693,2026-04-12,1,12,middle,ba607b88,a9fd84fb,124,1,0.0,29,33.0,10.287483316480387,20.0,9.712516683519613,False,True,0,1,0
1529310,2026-05-22,2,9,middle,c740ea83,5750bcb4,91,2,13.75,6,8.0,12.696501290722447,3.0,9.696501290722447,False,True,1,0,0
1527693,2026-04-12,1,8,middle,3d284ca3,a9fd84fb,75,0,0.0,24,16.0,10.351717968503003,20.0,9.648282031496997,False,True,0,1,0
1527683,2026-04-05,1,14,middle,235c2bb6,eef2536f,73,4,0.0,21,15.0,9.355145703718351,19.0,9.644854296281649,False,True,0,0,0
1535462,2026-05-26,1,16,death,5b8c830e,5f547c8b,168,3,0.0,24,32.0,11.371596331212032,21.0,9.628403668787968,False,True,0,1,0
1529280,2026-04-26,2,4,powerplay,b4b99816,fcc21ace,30,0,7.588235294117647,12,3.0,10.624442143261284,1.0,9.624442143261284,False,True,0,0,0
1529291,2026-05-05,2,15,middle,a4cc73aa,ce794613,106,2,8.333333333333334,42,55.0,10.383301952383512,20.0,9.616698047616488,False,True,0,1,0
1529276,2026-04-23,2,7,middle,b0482a1d,fcc21ace,29,3,12.785714285714286,12,0.0,10.61232673163175,1.0,9.61232673163175,False,True,0,0,0
1529273,2026-04-20,2,2,powerplay,99b75528,dbe50b21,1,1,10.473684210526315,4,41.0,8.398583668667463,18.0,9.601416331332537,False,True,1,0,2
1529268,2026-04-17,1,12,middle,eaa76d3c,5f547c8b,87,4,0.0,28,12.0,6.404351878138584,16.0,9.595648121861416,False,True,0,1,1
1527692,2026-04-12,2,5,powerplay,b4b99816,8cf9814c,25,0,8.75,11,53.0,10.417835759125325,20.0,9.582164240874675,False,True,0,1,0
1529271,2026-04-19,1,6,powerplay,6c19c6e5,eaa76d3c,41,0,0.0,11,10.0,12.495319216401423,22.0,9.504680783598577,False,True,0,1,4
1529307,2026-05-19,2,2,powerplay,470f446b,c33d8116,23,0,10.421052631578947,0,6.0,11.462099718480477,2.0,9.462099718480477,False,True,0,0,0
1529283,2026-04-28,1,2,powerplay,b5797845,465aa633,8,0,0.0,0,0.0,11.54075668867539,21.0,9.45924331132461,False,True,0,1,0
1529291,2026-05-05,2,12,middle,7b679de5,8d2c70ad,78,2,8.666666666666666,16,0.0,8.541065211759385,18.0,9.458934788240615,False,True,0,1,0
1529280,2026-04-26,1,19,death,45a43fe2,12314277,122,6,0.0,53,10.0,11.55750311518722,21.0,9.44249688481278,False,True,1,1,2
1529283,2026-04-28,2,4,powerplay,470f446b,244048f6,44,0,10.529411764705882,14,6.0,12.565171035003747,22.0,9.434828964996253,False,True,1,1,1
1529306,2026-05-18,1,14,middle,a4e37e47,aad0c365,104,4,0.0,5,2.0,8.567393933938632,18.0,9.432606066061368,False,True,0,1,1
1529290,2026-05-04,1,5,powerplay,3241e3fd,9caf69a1,51,1,0.0,3,1.0,10.57325986651679,20.0,9.42674013348321,False,True,0,1,0
1529307,2026-05-19,2,14,middle,bcf325d2,c33d8116,177,1,6.285714285714286,19,8.0,12.419957479450341,3.0,9.419957479450341,False,True,1,0,0
1529304,2026-05-17,2,13,middle,26989d80,9440ef41,102,5,15.125,3,12.0,10.583389817785513,20.0,9.416610182214487,False,True,0,1,0
1529276,2026-04-23,2,3,powerplay,fffa744b,4d7f517e,11,2,10.944444444444445,0,0.0,9.414928690707612,0.0,9.414928690707612,False,True,1,0,0
1527679,2026-04-02,1,3,powerplay,12b610c2,7c3b3b78,22,0,0.0,8,11.0,11.609794102974082,21.0,9.390205897025918,False,True,0,1,1
1529290,2026-05-04,2,6,powerplay,740742ef,eef2536f,50,0,11.933333333333334,14,13.0,11.62680163294019,21.0,9.37319836705981,False,True,0,1,0
1529286,2026-05-01,1,18,death,f0af99a7,8d2c70ad,173,5,0.0,1,1.0,10.645611997596008,20.0,9.354388002403992,False,True,0,1,0
1535462,2026-05-26,2,6,powerplay,3cea23da,b8527c3d,51,3,13.6,2,0.0,9.32865764508633,0.0,9.32865764508633,False,True,1,0,0
1529292,2026-05-06,1,2,powerplay,12b610c2,81c36ee9,11,0,0.0,1,6.0,11.682737007626043,21.0,9.317262992373957,False,True,0,1,0
1527690,2026-04-11,1,9,middle,12b610c2,26989d80,120,0,0.0,22,1.0,12.310604074047806,3.0,9.310604074047806,False,True,1,0,1
1529274,2026-04-21,2,20,death,2e171977,25228673,192,6,51.0,2,0.0,12.231291917983746,3.0,9.231291917983746,False,True,1,0,1
1535464,2026-05-29,2,10,middle,d5130a30,fe93fd9d,108,0,9.727272727272727,23,43.0,9.770743868988156,19.0,9.229256131011844,False,True,0,1,0
1529303,2026-05-16,1,11,middle,bf74b130,12314277,116,1,0.0,28,0.0,12.81328640265246,22.0,9.18671359734754,False,True,0,1,0
1529300,2026-05-13,2,2,powerplay,ba607b88,7c3b3b78,2,0,10.052631578947368,1,8.0,8.825233073170292,18.0,9.174766926829708,False,True,0,0,2
1529279,2026-04-25,2,13,middle,752f7486,5574750c,166,2,7.875,30,38.0,10.155704363282283,1.0,9.155704363282283,False,True,1,0,0
1529311,2026-05-23,1,2,powerplay,2d140b79,8f6dd463,16,0,0.0,0,0.0,10.145800584624899,1.0,9.145800584624899,False,True,1,0,0
1529295,2026-05-09,1,19,death,0f721006,133bbd61,204,3,0.0,6,0.0,13.128418375986755,4.0,9.128418375986755,False,True,1,0,1
1529299,2026-05-12,2,1,powerplay,12b610c2,2f49c897,0,0,8.45,0,12.0,9.124289484740757,0.0,9.124289484740757,False,True,1,0,0
1529287,2026-05-02,2,3,powerplay,45a43fe2,a818c1be,13,1,8.166666666666666,3,31.0,7.906303282127895,17.0,9.093696717872106,False,True,0,1,1
1529309,2026-05-21,2,9,middle,a4e37e47,12314277,72,5,13.166666666666666,5,7.0,9.907960578205696,19.0,9.092039421794304,False,True,0,1,2
1527681,2026-04-04,1,19,death,fffa744b,ce794613,144,5,0.0,18,0.0,13.088664268216547,4.0,9.088664268216547,False,True,1,0,0
1527680,2026-04-03,2,2,powerplay,b5797845,e84ac20c,14,0,10.31578947368421,3,0.0,10.918738469533478,20.0,9.081261530466522,False,True,0,1,0
1529284,2026-04-29,2,9,middle,12b610c2,9ca68676,126,0,9.833333333333334,27,0.0,13.057065694161095,4.0,9.057065694161095,False,True,1,0,0
1529291,2026-05-05,2,14,middle,a4cc73aa,f834dcfc,105,2,7.285714285714286,37,13.0,10.045988808436372,1.0,9.045988808436372,False,True,0,0,0
1529305,2026-05-17,1,17,death,6b2ff18f,fb5f69e4,171,5,0.0,5,0.0,12.00183291545125,3.0,9.00183291545125,False,True,1,0,0
1529265,2026-04-14,2,9,middle,29e95537,cc61ee8f,58,2,11.25,13,0.0,10.003756295071527,19.0,8.996243704928473,False,True,0,1,1
1527674,2026-03-28,2,13,middle,ba607b88,6c79c098,162,2,5.0,28,0.0,10.994555413376492,2.0,8.994555413376492,False,True,1,0,0
1529279,2026-04-25,2,17,death,235c2bb6,46a9bea1,193,3,9.0,18,9.0,11.009096378522372,20.0,8.990903621477628,False,True,0,1,0
1529264,2026-04-13,2,18,death,46a9bea1,ece7b6b3,140,9,25.666666666666668,4,0.0,7.014124284205096,16.0,8.985875715794904,False,True,0,1,0
1535463,2026-05-27,2,4,powerplay,c1e53c3f,465aa633,52,2,11.294117647058824,1,0.0,9.937863324656632,1.0,8.937863324656632,False,True,1,0,1
1529274,2026-04-21,2,11,middle,fb2d1dda,5750bcb4,107,2,13.6,29,0.0,10.937111553402186,2.0,8.937111553402186,False,True,1,0,0
1527692,2026-04-12,2,15,middle,99b75528,80b2fb19,128,1,6.166666666666667,31,0.0,10.916029777023526,2.0,8.916029777023526,False,True,1,0,0
1529274,2026-04-21,1,15,middle,f29185a1,fb2d1dda,160,1,0.0,45,0.0,14.095182868479663,23.0,8.904817131520337,False,True,1,1,0
1529303,2026-05-16,1,8,middle,bf74b130,5f547c8b,67,1,0.0,18,0.0,9.112317577358738,18.0,8.887682422641262,False,True,0,1,0
1529306,2026-05-18,2,3,powerplay,f29185a1,765a4731,15,0,9.222222222222221,8,30.0,12.86992743650867,4.0,8.86992743650867,False,True,1,0,0
1529269,2026-04-18,1,16,death,f1f99156,2e171977,146,4,0.0,15,8.0,10.861764697274813,2.0,8.861764697274813,False,True,1,0,0
1527693,2026-04-12,1,15,middle,ba607b88,dbe50b21,183,1,0.0,35,48.0,12.861111575353457,4.0,8.861111575353457,False,True,1,0,0
1527676,2026-03-30,2,1,powerplay,6c19c6e5,e84ac20c,0,0,6.4,0,10.0,9.168697813805252,18.0,8.831302186194748,False,True,0,1,0
1529264,2026-04-13,2,1,powerplay,6c19c6e5,ece7b6b3,0,0,10.85,0,0.0,9.82968370381129,1.0,8.82968370381129,False,True,1,0,0
1527693,2026-04-12,2,18,death,d014d5ac,dadbdb68,166,5,25.0,15,0.0,12.181618852997623,21.0,8.818381147002377,False,True,0,1,3
1527689,2026-04-10,2,9,middle,470f446b,5b8c830e,129,1,6.083333333333333,25,0.0,11.79247916801145,3.0,8.79247916801145,False,True,1,0,0
1529276,2026-04-23,1,17,death,a4cc73aa,462411b3,164,4,0.0,42,61.0,10.757549888858629,2.0,8.757549888858629,False,True,1,0,0
1529286,2026-05-01,2,9,middle,b17e2f24,df064e1a,88,0,11.5,17,8.0,11.244578281028272,20.0,8.755421718971728,False,True,0,1,0
1529277,2026-04-24,1,17,death,99b75528,9440ef41,170,2,0.0,11,0.0,12.747393818089726,4.0,8.747393818089726,False,True,0,0,0
1529277,2026-04-24,2,9,middle,ba607b88,85e0cf10,83,1,10.25,25,34.0,10.253274199363412,19.0,8.746725800636588,False,True,0,1,0
1529272,2026-04-19,1,16,death,85ec8e33,c33d8116,193,3,0.0,4,20.0,11.709906088313259,3.0,8.709906088313259,False,True,1,0,0
1529307,2026-05-19,1,20,death,3d8feaf8,5574750c,215,2,0.0,52,8.0,13.706343132802882,5.0,8.706343132802882,False,True,1,0,0
1535465,2026-05-31,2,2,powerplay,a24be938,e62dd25d,5,0,7.947368421052632,5,17.0,9.298937381718364,18.0,8.701062618281636,False,True,0,1,0
1529295,2026-05-09,1,20,death,39a2dfa8,46a9bea1,208,4,0.0,1,10.0,12.334164697587303,21.0,8.665835302412697,False,True,0,1,1
1527692,2026-04-12,1,15,middle,3241e3fd,85e0cf10,109,4,0.0,18,25.0,9.643160158991726,1.0,8.643160158991726,False,True,1,0,0
1535463,2026-05-27,2,17,death,5750bcb4,5574750c,169,8,18.75,5,0.0,7.359794084480322,16.0,8.640205915519678,False,True,0,0,1
1529299,2026-05-12,1,3,powerplay,b4b99816,ece7b6b3,15,0,0.0,5,0.0,10.626931679312088,2.0,8.626931679312088,False,True,1,0,0
1529273,2026-04-20,2,13,middle,5f547c8b,d45c29b1,85,6,14.375,4,2.0,9.589074420354885,1.0,8.589074420354885,False,True,1,0,0
1529295,2026-05-09,1,12,middle,99b75528,fe93fd9d,119,1,0.0,1,54.0,8.413649395352085,17.0,8.586350604647915,False,True,0,1,0
1529292,2026-05-06,1,4,powerplay,f29185a1,2f9d0389,48,0,0.0,10,15.0,14.580204006317379,6.0,8.580204006317379,False,True,1,1,0
1527690,2026-04-11,2,6,powerplay,b5797845,f986ca1a,72,0,9.866666666666667,12,3.0,12.421442490027438,21.0,8.578557509972562,False,True,0,1,0
1529291,2026-05-05,2,4,powerplay,45a43fe2,f834dcfc,22,0,7.882352941176471,10,2.0,10.567599061973091,2.0,8.567599061973091,False,True,1,0,1
1529292,2026-05-06,1,14,middle,752f7486,54e52590,147,2,0.0,24,3.0,12.433838405737973,21.0,8.566161594262027,False,True,0,1,1
1529284,2026-04-29,1,14,middle,fffa744b,ece7b6b3,163,2,0.0,14,0.0,12.552898116000504,4.0,8.552898116000504,False,True,1,0,0
1529313,2026-05-24,2,5,powerplay,bf74b130,f834dcfc,43,0,10.0625,11,6.0,12.552749883324434,4.0,8.552749883324434,False,True,1,0,0
1529311,2026-05-23,1,1,powerplay,989889ff,244048f6,0,0,0.0,0,0.0,7.471979827664411,16.0,8.528020172335589,False,True,0,0,0
1535462,2026-05-26,2,2,powerplay,d5130a30,2e81a32d,11,0,12.842105263157896,3,42.0,10.517118484462912,2.0,8.517118484462912,False,True,0,0,1
1529311,2026-05-23,1,5,powerplay,872b03f7,81c36ee9,24,2,0.0,5,17.0,9.484003762513812,18.0,8.515996237486188,False,True,0,1,0
1529265,2026-04-14,1,16,death,f088b960,7c3b3b78,142,3,0.0,14,0.0,11.489001524958663,20.0,8.510998475041337,False,True,0,1,1
1527691,2026-04-11,1,17,death,b2b4f545,f834dcfc,168,1,0.0,32,5.0,13.4995616274711,5.0,8.4995616274711,False,True,0,0,0
1529302,2026-05-15,1,6,powerplay,a4cc73aa,b483905d,34,1,0.0,17,0.0,11.49215097730115,3.0,8.49215097730115,False,True,1,0,0
1529278,2026-04-25,2,3,powerplay,9418198b,2e171977,36,0,12.722222222222221,6,26.0,11.508251539464476,20.0,8.491748460535524,False,True,0,1,1
1535465,2026-05-31,2,4,powerplay,ba607b88,e62dd25d,36,0,7.0588235294117645,5,63.0,10.521948287766303,19.0,8.478051712233697,False,True,0,1,0
1529309,2026-05-21,1,5,powerplay,d5130a30,cc61ee8f,45,0,0.0,10,11.0,11.461382291618746,3.0,8.461382291618746,False,True,0,0,0
1529275,2026-04-22,2,5,powerplay,3241e3fd,5574750c,22,3,8.625,2,17.0,8.451271624840881,0.0,8.451271624840881,False,True,0,0,0
1529313,2026-05-24,1,5,powerplay,ad3b6e95,11061889,39,0,0.0,15,0.0,11.412107245780081,3.0,8.412107245780081,False,True,1,0,1
1535463,2026-05-27,2,2,powerplay,12b610c2,465aa633,16,1,12.0,0,10.0,10.594838523457678,19.0,8.405161476542322,False,True,0,1,5
1529279,2026-04-25,1,8,middle,bcf325d2,ded9240e,92,1,0.0,15,19.0,11.400028336776666,3.0,8.400028336776666,False,True,0,0,0
1527684,2026-04-05,1,17,death,f1f99156,efc04be7,172,3,0.0,5,3.0,12.608028819882152,21.0,8.391971180117848,False,True,0,1,1
1527677,2026-03-31,1,4,powerplay,d5130a30,81c36ee9,35,0,0.0,8,22.0,10.388873341637956,2.0,8.388873341637956,False,True,1,0,0
1529284,2026-04-29,1,16,death,e66732f8,ece7b6b3,181,3,0.0,44,0.0,12.632056602273082,21.0,8.367943397726918,False,True,0,1,0
1529270,2026-04-18,2,11,middle,a90e53ec,5750bcb4,111,3,8.4,15,0.0,9.337357168301715,1.0,8.337357168301715,False,True,1,0,0
1535462,2026-05-26,1,19,death,c740ea83,2f49c897,214,5,0.0,26,3.0,12.664417478156654,21.0,8.335582521843346,False,True,0,1,0
1529278,2026-04-25,1,14,middle,b17e2f24,244048f6,153,1,0.0,39,33.0,11.684021730645474,20.0,8.315978269354526,False,True,0,1,0
1529312,2026-05-24,2,16,death,dbe50b21,5574750c,147,5,11.8,13,34.0,11.313146604541771,3.0,8.313146604541771,False,True,1,0,0
1529267,2026-04-16,1,14,middle,fffa744b,26989d80,132,2,0.0,28,0.0,12.295459420923706,4.0,8.295459420923706,False,True,1,0,0
1529277,2026-04-24,2,12,middle,ba607b88,0f721006,131,1,8.333333333333334,34,9.0,11.276388484802872,3.0,8.276388484802872,False,True,0,0,0
1529271,2026-04-19,1,9,middle,470f446b,5b7ab5a9,79,0,0.0,26,0.0,10.272588922388671,2.0,8.272588922388671,False,True,1,0,1
1529281,2026-04-26,2,2,powerplay,3d8feaf8,7c3b3b78,8,0,7.7894736842105265,2,17.0,9.26677556203208,1.0,8.26677556203208,False,True,1,0,0
1529276,2026-04-23,2,13,middle,dbe50b21,efc04be7,85,4,15.375,1,0.0,10.264888309593104,2.0,8.264888309593104,False,True,1,0,1
1527684,2026-04-05,2,17,death,59559bc2,9440ef41,178,7,18.25,15,0.0,10.264311180826791,2.0,8.264311180826791,False,True,1,0,0
1529301,2026-05-14,2,18,death,b0482a1d,81c36ee9,151,4,16.666666666666668,24,6.0,13.741776235323497,22.0,8.258223764676503,False,True,0,1,0
1529273,2026-04-20,1,20,death,b0482a1d,85e0cf10,177,5,0.0,40,10.0,13.748761921378192,22.0,8.251238078621808,False,True,0,1,0
1529266,2026-04-15,1,5,powerplay,3d8feaf8,03806cf8,32,1,0.0,16,6.0,9.237546783013915,1.0,8.237546783013915,False,True,0,0,0
1527682,2026-04-04,2,1,powerplay,d5130a30,5574750c,0,0,10.55,0,19.0,6.763110479329221,15.0,8.236889520670779,False,True,0,1,5
1527690,2026-04-11,1,6,powerplay,12b610c2,3b53243a,84,0,0.0,10,0.0,12.778243141152963,21.0,8.221756858847037,False,True,0,1,1
1527678,2026-04-01,1,10,middle,3d8feaf8,8d2c70ad,65,4,0.0,25,12.0,6.780116879239307,15.0,8.219883120760693,False,True,1,1,0
1527675,2026-03-29,1,7,middle,eaa76d3c,a9fd84fb,78,1,0.0,1,6.0,7.791503501037807,16.0,8.208496498962193,False,True,0,1,0
1527690,2026-04-11,2,1,powerplay,b5797845,25228673,0,0,11.0,0,0.0,9.801645223094441,18.0,8.198354776905559,False,True,0,1,0
1529268,2026-04-17,1,14,middle,eaa76d3c,5f547c8b,122,4,0.0,35,12.0,8.802121396222844,17.0,8.197878603777156,False,True,0,1,0
1535463,2026-05-27,2,9,middle,aad0c365,02dfebbe,96,5,12.333333333333334,11,0.0,9.821249312525993,18.0,8.178750687474007,False,True,0,1,0
1527690,2026-04-11,1,20,death,235c2bb6,3b53243a,214,5,0.0,29,0.0,13.173273754275753,5.0,8.173273754275753,False,True,1,0,0
1527684,2026-04-05,2,14,middle,e148e6bd,5b8c830e,139,6,16.0,18,0.0,9.837365502586486,18.0,8.162634497413514,False,True,0,1,0
1535464,2026-05-29,1,18,death,fe93fd9d,e62dd25d,171,5,0.0,29,20.0,13.112981113790031,5.0,8.112981113790031,False,True,1,0,0
1527676,2026-03-30,2,6,powerplay,6c19c6e5,efc04be7,55,0,4.866666666666666,17,0.0,10.895237951160302,19.0,8.104762048839698,False,True,0,1,4
1529268,2026-04-17,1,19,death,eaa76d3c,85e0cf10,172,8,0.0,45,0.0,10.098440137991538,2.0,8.098440137991538,False,True,1,0,0
1529300,2026-05-13,1,4,powerplay,d7017798,dadbdb68,26,1,0.0,3,0.0,8.914988088239554,17.0,8.085011911760446,False,True,0,1,0
1527689,2026-04-10,2,4,powerplay,bcf325d2,03806cf8,37,1,9.705882352941176,1,6.0,10.928076436957632,19.0,8.071923563042368,False,True,0,1,0
1529296,2026-05-10,1,1,powerplay,989889ff,4d7f517e,0,0,0.0,0,0.0,7.936025664854368,16.0,8.063974335145632,False,True,0,1,0
1527688,2026-04-09,1,14,middle,0a509d6b,eef2536f,111,3,0.0,5,14.0,9.059550853671723,1.0,8.059550853671723,False,True,1,0,0
1527683,2026-04-05,1,11,middle,aad0c365,80b2fb19,35,4,0.0,13,10.0,7.963374800409687,16.0,8.036625199590313,False,True,0,1,0
1527692,2026-04-12,2,3,powerplay,b4b99816,8cf9814c,17,0,8.222222222222221,4,53.0,10.026622982194361,2.0,8.026622982194361,False,True,0,0,0
1529290,2026-05-04,2,16,death,b0482a1d,cf0ccafa,187,2,8.4,11,0.0,11.022047414803467,3.0,8.022047414803467,False,True,1,0,0
1535462,2026-05-26,1,13,middle,c740ea83,fa2f1dde,125,3,0.0,8,0.0,10.997176788017224,3.0,7.997176788017224,False,True,0,0,0
1529313,2026-05-24,1,2,powerplay,b17e2f24,11061889,10,0,0.0,1,0.0,9.974937028543122,2.0,7.974937028543122,False,True,0,0,1
1529295,2026-05-09,2,17,death,3ff033bb,0f721006,151,8,19.75,10,0.0,8.962937563565852,1.0,7.962937563565852,False,True,1,0,0
1529309,2026-05-21,1,12,middle,d5130a30,efc04be7,121,0,0.0,34,16.0,10.960009005977906,3.0,7.960009005977906,False,True,0,0,0
1529276,2026-04-23,2,17,death,1abb78f8,59559bc2,99,7,27.25,9,0.0,8.95294397725563,1.0,7.9529439772556305,False,True,1,0,0
1529274,2026-04-21,2,8,middle,b17e2f24,7b44eb3e,67,1,13.538461538461538,15,0.0,11.065210378921119,19.0,7.934789621078881,False,True,0,1,0
1529266,2026-04-15,1,8,middle,872b03f7,5b8c830e,40,2,0.0,2,0.0,7.067129783515359,15.0,7.932870216484641,False,True,0,1,2
1527683,2026-04-05,1,3,powerplay,12b610c2,8cf9814c,8,1,0.0,7,0.0,9.920919674332403,2.0,7.920919674332403,False,True,1,0,1
1527682,2026-04-04,2,20,death,e62dd25d,46a9bea1,200,7,11.0,14,0.0,11.920847079513159,4.0,7.920847079513159,False,True,1,0,1
1529305,2026-05-17,1,4,powerplay,470f446b,f834dcfc,35,1,0.0,6,0.0,12.916779871469664,5.0,7.916779871469664,False,True,0,0,0
1529290,2026-05-04,1,9,middle,3241e3fd,172dff15,123,1,0.0,20,0.0,11.902862265720671,4.0,7.902862265720671,False,True,1,0,2
1527677,2026-03-31,1,16,death,f19ccfad,57ee1fde,128,3,0.0,5,2.0,10.889166602716436,3.0,7.889166602716436,False,True,1,0,0
1529266,2026-04-15,1,6,powerplay,3d8feaf8,b8527c3d,33,1,0.0,17,0.0,9.88024848036885,2.0,7.88024848036885,False,True,0,0,0
1529272,2026-04-19,1,6,powerplay,b5797845,c33d8116,43,1,0.0,8,0.0,12.135933522016925,20.0,7.864066477983075,False,True,0,1,1
1529303,2026-05-16,2,17,death,b4b99816,9d430b40,177,1,17.75,47,34.0,12.863466077534753,5.0,7.863466077534753,False,True,1,0,0
1529310,2026-05-22,2,6,powerplay,2c25d4f5,280fff14,71,1,12.333333333333334,3,0.0,11.857702531642358,4.0,7.857702531642358,False,True,1,0,0
1529303,2026-05-16,1,12,middle,d7017798,c7a995d3,138,1,0.0,18,0.0,12.85649055124379,5.0,7.856490551243789,False,True,1,0,0
1535462,2026-05-26,1,4,powerplay,ba607b88,e62dd25d,32,1,0.0,8,51.0,10.145299233376413,18.0,7.854700766623587,False,True,0,0,0
1529279,2026-04-25,1,19,death,48a1d7b7,5750bcb4,213,4,0.0,4,0.0,12.853287092354147,5.0,7.853287092354147,False,True,1,0,0
1529281,2026-04-26,1,9,middle,eaa76d3c,e5437608,43,4,0.0,11,0.0,8.153203425136942,16.0,7.846796574863058,False,True,0,1,0
1529265,2026-04-14,2,5,powerplay,29e95537,a2f46292,28,1,10.3125,5,21.0,10.839964224670409,3.0,7.839964224670409,False,True,1,0,0
1529268,2026-04-17,2,9,middle,b4b99816,5d2eea49,93,1,7.333333333333333,21,3.0,9.83533443664668,2.0,7.835334436646679,False,True,0,0,0
1527691,2026-04-11,2,16,death,85b3fab2,59559bc2,153,6,12.0,22,0.0,10.819958394986687,3.0,7.819958394986687,False,True,1,0,0
1535464,2026-05-29,1,10,middle,470f446b,0f721006,100,2,0.0,23,0.0,10.80112603272645,3.0,7.801126032726451,False,True,1,0,0
1529306,2026-05-18,1,8,middle,7b679de5,ece7b6b3,63,2,0.0,8,0.0,8.20645396245083,16.0,7.79354603754917,False,True,0,1,1
1535463,2026-05-27,2,10,middle,d7423da1,133bbd61,114,5,11.818181818181818,3,1.0,10.213145839397967,18.0,7.786854160602033,False,True,0,1,1
1527679,2026-04-02,1,4,powerplay,f29185a1,9d430b40,43,0,0.0,4,25.0,10.778042197879277,3.0,7.778042197879277,False,True,0,0,0
1529279,2026-04-25,1,17,death,04a418e8,ded9240e,191,3,0.0,8,13.0,11.773520907955273,4.0,7.773520907955273,False,True,1,0,0
1529310,2026-05-22,1,8,middle,f29185a1,c5aef772,77,1,0.0,17,0.0,11.226541825320329,19.0,7.773458174679671,False,True,0,1,1
1527691,2026-04-11,2,19,death,8d2c70ad,59559bc2,181,7,16.0,3,0.0,11.772515259291206,4.0,7.772515259291206,False,True,1,0,2
1527683,2026-04-05,1,1,powerplay,12b610c2,8cf9814c,0,0,0.0,0,0.0,8.77196145348965,1.0,7.77196145348965,False,True,1,0,0
1529305,2026-05-17,2,13,middle,b17e2f24,5574750c,121,1,9.125,35,66.0,9.76936258905301,2.0,7.76936258905301,False,True,1,0,0
1529286,2026-05-01,2,12,middle,fb2d1dda,fe93fd9d,120,1,11.777777777777779,6,45.0,10.261802895393709,18.0,7.738197104606291,False,True,0,1,0
1529309,2026-05-21,2,10,middle,a4e37e47,0f721006,91,5,12.636363636363637,10,20.0,10.263355484968315,18.0,7.736644515031685,False,True,0,1,0
1529284,2026-04-29,1,12,middle,e66732f8,25228673,137,2,0.0,30,0.0,11.28500702951665,19.0,7.714992970483349,False,True,0,1,0
1529298,2026-05-11,2,18,death,fb5f69e4,d9273ee7,175,6,12.0,2,0.0,11.287748377765764,19.0,7.712251622234236,False,True,0,1,0
1529302,2026-05-15,1,18,death,a4e37e47,b1ad996b,149,5,0.0,5,0.0,11.706053238442347,4.0,7.7060532384423475,False,True,0,0,0
1529291,2026-05-05,1,19,death,85b3fab2,59559bc2,130,5,0.0,28,7.0,12.69367366853324,5.0,7.69367366853324,False,True,1,0,0
1527675,2026-03-29,2,3,powerplay,740742ef,7c3b3b78,15,0,11.444444444444445,5,8.0,11.312971597796373,19.0,7.687028402203627,False,True,0,1,0
1529282,2026-04-27,1,16,death,8d2c70ad,9440ef41,71,8,0.0,8,0.0,7.6786812034143965,0.0,7.6786812034143965,False,True,1,0,0
1535462,2026-05-26,2,9,middle,39a2dfa8,dadbdb68,64,5,15.916666666666666,9,0.0,9.678128720790607,2.0,7.678128720790607,False,True,1,0,1
1529290,2026-05-04,1,6,powerplay,3d8feaf8,9ca68676,71,1,0.0,18,0.0,11.324814342898815,19.0,7.675185657101185,False,True,0,1,0
1529265,2026-04-14,2,13,middle,0a509d6b,efc04be7,90,5,12.875,7,18.0,8.669121300393474,1.0,7.669121300393474,False,True,1,0,0
1529285,2026-04-30,2,5,powerplay,b4b99816,2e81a32d,55,1,6.3125,16,66.0,9.648207084705557,2.0,7.648207084705557,False,True,1,0,0
1529272,2026-04-19,2,15,middle,6a26221c,81c36ee9,138,3,19.5,4,6.0,11.621774750423194,4.0,7.621774750423194,False,True,1,0,0
1535463,2026-05-27,1,19,death,f0af99a7,aad0c365,233,5,0.0,8,9.0,12.6175692084226,5.0,7.6175692084226,False,True,1,0,0
1529294,2026-05-08,2,5,powerplay,eaa76d3c,f834dcfc,32,2,6.9375,1,0.0,9.590690331333398,2.0,7.590690331333398,False,True,0,0,0
1527681,2026-04-04,2,17,death,f89d3b11,172dff15,149,3,3.5,49,0.0,10.57625528045546,3.0,7.5762552804554595,False,True,1,0,0
1527680,2026-04-03,2,13,middle,85ec8e33,2ed569a0,127,3,10.375,5,15.0,8.426983975157096,16.0,7.573016024842904,False,True,0,1,0
1527690,2026-04-11,2,15,middle,85ec8e33,f986ca1a,161,3,9.833333333333334,17,11.0,10.435601403074415,18.0,7.564398596925585,False,True,0,1,0
1527681,2026-04-04,2,15,middle,f89d3b11,1abb78f8,121,3,7.0,43,1.0,9.438680643480849,17.0,7.561319356519151,False,True,0,1,1
1529283,2026-04-28,2,5,powerplay,bcf325d2,c05edf8e,66,1,9.8125,1,6.0,9.544393004407528,2.0,7.544393004407528,False,True,0,0,0
1529296,2026-05-10,1,5,powerplay,3d8feaf8,4d7f517e,58,0,0.0,8,10.0,11.45720811394061,19.0,7.5427918860593905,False,True,0,1,0
1529290,2026-05-04,1,20,death,ebcfef83,23eeb873,222,5,0.0,27,0.0,13.53661350850437,6.0,7.53661350850437,False,True,0,0,0
1535463,2026-05-27,2,20,death,7b44eb3e,92500ad5,195,9,49.0,22,0.0,8.534672100102885,1.0,7.534672100102885,False,True,1,0,1
1527693,2026-04-12,2,6,powerplay,e66732f8,b8527c3d,56,0,12.333333333333334,18,0.0,13.53284376114268,6.0,7.532843761142679,False,True,0,0,0
1527678,2026-04-01,1,19,death,f9e6e7ef,f834dcfc,140,8,0.0,14,0.0,8.517947299700715,1.0,7.517947299700715,False,True,1,0,0
1529307,2026-05-19,2,3,powerplay,6c19c6e5,b1ad996b,25,0,10.88888888888889,8,0.0,12.509663627053165,5.0,7.509663627053165,False,True,0,0,0
1529309,2026-05-21,1,8,middle,d5130a30,cc61ee8f,78,0,0.0,19,11.0,10.5060004285689,3.0,7.5060004285689,False,True,0,0,0
1529275,2026-04-22,2,2,powerplay,3d8feaf8,465aa633,9,1,7.947368421052632,5,7.0,8.505255890509584,1.0,7.505255890509584,False,True,1,0,0
1527683,2026-04-05,1,4,powerplay,50c6bc2b,80b2fb19,10,2,0.0,5,0.0,8.503954459933851,1.0,7.503954459933851,False,True,1,0,0
1527684,2026-04-05,2,13,middle,e148e6bd,9440ef41,136,6,14.375,13,0.0,10.499121455239221,3.0,7.499121455239221,False,True,0,0,0
1527681,2026-04-04,1,15,middle,271f83cd,8d2c70ad,100,4,0.0,29,33.0,9.501232916200639,17.0,7.498767083799361,False,True,0,1,0
1529272,2026-04-19,1,17,death,d1a60072,cf0ccafa,196,4,0.0,3,4.0,10.517614465600374,18.0,7.482385534399626,False,True,1,1,0
1529266,2026-04-15,1,19,death,e5437608,2e81a32d,135,6,0.0,5,0.0,11.447578579013257,4.0,7.447578579013257,False,True,1,0,0
1529272,2026-04-19,1,5,powerplay,fe366f34,80b2fb19,39,1,0.0,15,0.0,11.434443057883884,4.0,7.434443057883884,False,True,0,0,0
1529287,2026-05-02,1,1,powerplay,9caf69a1,765a4731,0,0,0.0,0,0.0,8.427469051257326,1.0,7.427469051257326,False,True,0,0,0
1535464,2026-05-29,1,12,middle,3ff033bb,0f721006,109,3,0.0,6,3.0,9.403706674139748,2.0,7.403706674139748,False,True,1,0,0
1535462,2026-05-26,2,13,middle,39a2dfa8,c5aef772,92,8,20.375,14,7.0,7.600235750056712,15.0,7.399764249943288,False,True,0,1,0
1529306,2026-05-18,1,4,powerplay,45a43fe2,5750bcb4,43,1,0.0,3,1.0,10.395526746621067,3.0,7.3955267466210675,False,True,0,0,0
1529305,2026-05-17,1,20,death,5574750c,f834dcfc,188,7,0.0,1,7.0,12.391809029863575,5.0,7.391809029863575,False,True,1,0,0
1529307,2026-05-19,2,7,middle,6c19c6e5,b483905d,71,0,10.714285714285714,20,17.0,12.380741094127204,5.0,7.380741094127204,False,True,1,0,0
1529292,2026-05-06,2,15,middle,fe366f34,280fff14,126,6,18.333333333333332,37,0.0,11.369328668245256,4.0,7.369328668245256,False,True,0,0,0
1529271,2026-04-19,1,3,powerplay,470f446b,eaa76d3c,15,0,0.0,7,0.0,12.360526273448848,5.0,7.360526273448848,False,True,0,0,0
1529291,2026-05-05,1,20,death,84d9c311,fcc21ace,135,6,0.0,1,0.0,12.644046497771791,20.0,7.355953502228209,False,True,1,1,0
1529277,2026-04-24,2,16,death,c740ea83,025c4400,171,4,7.0,3,0.0,11.349650929419532,4.0,7.349650929419532,False,True,1,0,0
1529272,2026-04-19,2,1,powerplay,3d8feaf8,244048f6,0,0,12.75,0,16.0,9.33933270920299,2.0,7.33933270920299,False,True,0,0,0
1527675,2026-03-29,1,3,powerplay,29e95537,9ca68676,14,0,0.0,6,0.0,9.665930855214407,17.0,7.334069144785593,False,True,0,1,0
1529269,2026-04-18,1,20,death,5b8c830e,f834dcfc,169,6,0.0,9,8.0,13.325880741742953,6.0,7.325880741742953,False,True,1,0,1
1527681,2026-04-04,1,3,powerplay,e66732f8,2cffab74,18,0,0.0,8,14.0,11.322455100180791,4.0,7.322455100180791,False,True,1,0,0
1529277,2026-04-24,1,18,death,f19ccfad,2e81a32d,174,2,0.0,6,5.0,12.31604214492024,5.0,7.316042144920241,False,True,1,0,0
1527674,2026-03-28,2,4,powerplay,2c25d4f5,6c79c098,33,1,9.941176470588236,6,0.0,10.692665989093639,18.0,7.307334010906361,False,True,0,1,0
1529312,2026-05-24,2,11,middle,9caf69a1,133bbd61,90,4,11.6,12,0.0,11.304901246274412,4.0,7.304901246274412,False,True,0,0,0
1529265,2026-04-14,1,1,powerplay,a4cc73aa,7c3b3b78,0,0,0.0,0,12.0,6.703516903279699,14.0,7.296483096720301,False,True,0,0,0
1527692,2026-04-12,1,5,powerplay,919a3be2,2f49c897,45,1,0.0,10,47.0,10.293961140796172,3.0,7.293961140796172,False,True,1,0,2
1529301,2026-05-14,2,16,death,b0482a1d,57ee1fde,129,3,14.4,19,44.0,12.710381124321543,20.0,7.289618875678457,False,True,0,1,0
1527689,2026-04-10,1,5,powerplay,c740ea83,df064e1a,55,2,0.0,3,20.0,10.277447238335212,3.0,7.277447238335212,False,True,1,0,1
1529276,2026-04-23,1,10,middle,844e79d1,e4a0deae,96,3,0.0,3,3.0,7.727943591109719,15.0,7.272056408890281,False,True,0,1,1
1529297,2026-05-10,2,14,middle,5b8c830e,ba6b2f91,94,4,10.428571428571429,26,0.0,8.728399091462645,16.0,7.271600908537355,False,True,0,1,2
1529278,2026-04-25,2,2,powerplay,b5797845,2cffab74,15,0,13.157894736842104,4,6.0,13.738536005899807,21.0,7.261463994100193,False,True,0,1,1
1529295,2026-05-09,2,4,powerplay,6c19c6e5,e62dd25d,38,1,11.294117647058824,1,24.0,9.258960437213043,2.0,7.258960437213043,False,True,1,0,0
1529306,2026-05-18,2,2,powerplay,f29185a1,83c3e8e3,10,0,9.0,6,0.0,12.249356954575685,5.0,7.249356954575685,False,True,0,0,0
1529274,2026-04-21,1,16,death,f29185a1,f834dcfc,183,2,0.0,51,4.0,13.249248601118833,6.0,7.249248601118833,False,True,0,0,1
1527692,2026-04-12,1,20,death,8cf9814c,50c09020,146,7,0.0,2,0.0,10.754667503867292,18.0,7.245332496132708,False,True,1,1,3
1529299,2026-05-12,2,5,powerplay,c1e53c3f,2f49c897,29,3,8.75,5,0.0,8.23792531230717,1.0,7.237925312307169,False,True,0,0,0
1529276,2026-04-23,1,15,middle,7b679de5,9ca68676,145,4,0.0,11,0.0,11.232781752027993,4.0,7.232781752027993,False,True,0,0,0
1529303,2026-05-16,2,5,powerplay,3cea23da,9d430b40,49,0,12.4375,3,0.0,9.230376508776114,2.0,7.230376508776114,False,True,1,0,1
1529311,2026-05-23,1,3,powerplay,3241e3fd,81c36ee9,17,1,0.0,5,8.0,10.188997396298284,3.0,7.188997396298284,False,True,1,0,2
1529312,2026-05-24,2,19,death,1abb78f8,133bbd61,166,8,20.0,4,0.0,10.185275325562325,3.0,7.1852753255623245,False,True,1,0,0
1529312,2026-05-24,1,2,powerplay,6c19c6e5,9caf69a1,9,0,0.0,5,0.0,11.184172881250936,4.0,7.184172881250936,False,True,0,0,1
1527678,2026-04-01,2,10,middle,f89d3b11,f9e6e7ef,61,4,7.363636363636363,16,0.0,8.81605483479657,16.0,7.183945165203429,False,True,0,0,0
1529274,2026-04-21,1,5,powerplay,f29185a1,fb2d1dda,36,0,0.0,12,0.0,12.823482795686182,20.0,7.176517204313818,False,True,0,1,1
1529302,2026-05-15,1,13,middle,844e79d1,80b2fb19,92,3,0.0,10,4.0,8.826187794042323,16.0,7.173812205957677,True,True,0,1,0
1529306,2026-05-18,1,12,middle,844e79d1,ded9240e,99,3,0.0,8,5.0,8.172250667066272,1.0,7.1722506670662725,True,True,1,0,0
1527684,2026-04-05,2,19,death,fcc21ace,dadbdb68,190,9,30.5,5,0.0,6.835100403683449,14.0,7.164899596316551,True,True,0,1,1
1529308,2026-05-20,1,16,death,9caf69a1,9d430b40,94,5,0.0,3,15.0,8.157923800876937,1.0,7.157923800876937,True,True,1,0,0
1529280,2026-04-26,2,2,powerplay,d5130a30,fcc21ace,11,0,7.7894736842105265,1,1.0,9.153149247435156,2.0,7.153149247435156,True,True,0,0,0
1529268,2026-04-17,1,6,powerplay,650d5e49,e62dd25d,36,3,0.0,2,0.0,8.15230161545655,1.0,7.152301615456549,True,True,0,0,0
1529308,2026-05-20,1,20,death,172dff15,5d2eea49,128,7,0.0,13,0.0,11.850764159609037,19.0,7.149235840390963,True,True,1,1,0
1529283,2026-04-28,1,5,powerplay,9418198b,133bbd61,48,1,0.0,12,0.0,11.146272360790528,4.0,7.146272360790528,True,True,0,0,1
1529304,2026-05-17,2,3,powerplay,9418198b,2e81a32d,16,1,11.5,1,39.0,10.132770420129527,3.0,7.132770420129527,True,True,1,0,0
1529311,2026-05-23,1,13,middle,989889ff,26989d80,122,3,0.0,30,0.0,11.126253534701863,4.0,7.126253534701863,True,True,0,0,0
1529272,2026-04-19,1,11,middle,b5797845,8cf9814c,110,1,0.0,27,6.0,11.881245791966283,19.0,7.118754208033717,True,True,0,1,0
1527680,2026-04-03,1,15,middle,a4e37e47,244048f6,130,4,0.0,8,21.0,7.896084159388868,15.0,7.103915840611132,True,True,0,0,0
1527681,2026-04-04,2,5,powerplay,f89d3b11,1abb78f8,23,2,8.75,3,1.0,8.898602662709175,16.0,7.101397337290825,True,True,0,1,0
1527674,2026-03-28,1,6,powerplay,752f7486,82c10dac,33,3,0.0,4,0.0,8.902674639596732,16.0,7.097325360403268,True,True,0,1,0
1529264,2026-04-13,2,17,death,5574750c,280fff14,137,7,20.0,1,0.0,10.094616071516818,3.0,7.094616071516818,True,True,1,0,1
1529275,2026-04-22,1,20,death,fe93fd9d,b1ad996b,139,6,0.0,23,0.0,12.92183313745879,20.0,7.0781668625412095,True,True,0,1,0
1527674,2026-03-28,2,16,death,ba607b88,f986ca1a,185,4,3.4,34,47.0,10.92741994245572,18.0,7.072580057544281,True,True,0,1,0
1535462,2026-05-26,1,1,powerplay,a24be938,2f49c897,0,0,0.0,0,37.0,6.929535865791607,14.0,7.070464134208393,True,True,0,0,0
1527684,2026-04-05,1,12,middle,c740ea83,efc04be7,98,2,0.0,1,19.0,8.93586559306726,16.0,7.064134406932739,True,True,0,1,1
1529313,2026-05-24,2,14,middle,29e95537,8d2c70ad,126,3,11.142857142857142,37,27.0,10.063941052366205,3.0,7.063941052366205,True,True,1,0,0
1529284,2026-04-29,1,17,death,e66732f8,ded9240e,202,3,0.0,46,8.0,13.058850523029554,6.0,7.0588505230295535,True,True,0,0,0
1529312,2026-05-24,2,1,powerplay,740742ef,5574750c,0,0,10.3,0,10.0,8.056479913038132,1.0,7.056479913038132,True,True,1,0,0
1529267,2026-04-16,1,3,powerplay,e66732f8,244048f6,12,0,0.0,7,11.0,10.051076319980742,3.0,7.0510763199807425,True,True,1,0,0
1535463,2026-05-27,1,20,death,fe93fd9d,280fff14,238,7,0.0,7,7.0,12.045768770280427,5.0,7.045768770280427,True,True,1,0,2
1529279,2026-04-25,1,18,death,f0af99a7,280fff14,195,4,0.0,10,7.0,10.962075901669992,18.0,7.0379240983300075,True,True,0,1,0
1527676,2026-03-30,2,7,middle,6c19c6e5,fcc21ace,74,0,3.857142857142857,20,8.0,10.033265802894269,3.0,7.0332658028942685,True,True,1,0,0
1529277,2026-04-24,2,10,middle,ba607b88,5f547c8b,102,1,9.454545454545455,27,69.0,8.970747020886513,16.0,7.029252979113487,True,True,0,1,1
1529309,2026-05-21,1,13,middle,d5130a30,83c3e8e3,124,0,0.0,36,0.0,12.008952957357325,5.0,7.008952957357325,True,True,1,0,1
1529294,2026-05-08,1,17,death,2e171977,5b7ab5a9,100,5,0.0,17,28.0,8.993743167629862,16.0,7.006256832370138,True,True,0,1,0
1529311,2026-05-23,1,11,middle,919a3be2,57ee1fde,100,3,0.0,10,74.0,10.001097871424363,3.0,7.0010978714243635,True,True,0,0,0
1529272,2026-04-19,1,19,death,d9273ee7,8cf9814c,229,5,0.0,9,29.0,13.000732343480777,20.0,6.999267656519223,True,True,0,1,3
1529276,2026-04-23,1,13,middle,a4cc73aa,d45c29b1,128,4,0.0,30,0.0,9.996609476858447,3.0,6.996609476858447,True,True,0,0,0
1529280,2026-04-26,2,13,middle,d5130a30,4d7f517e,102,1,7.125,34,0.0,9.013796486314133,16.0,6.986203513685867,True,True,0,1,0
1529270,2026-04-18,2,1,powerplay,a4cc73aa,ece7b6b3,0,0,9.75,0,0.0,8.018757002733704,15.0,6.981242997266296,True,True,0,1,0
1529266,2026-04-15,2,4,powerplay,ba607b88,80b2fb19,28,1,7.0,7,0.0,10.024383104940359,17.0,6.975616895059641,True,True,0,0,1
1527690,2026-04-11,2,16,death,d1a60072,5750bcb4,179,3,8.2,11,7.0,11.024700784274778,18.0,6.975299215725222,True,True,0,1,1
1527692,2026-04-12,2,12,middle,99b75528,eef2536f,94,1,7.888888888888889,19,25.0,9.03215524463306,16.0,6.96784475536694,True,True,0,0,0
1527688,2026-04-09,2,14,middle,872b03f7,21d4e29b,104,5,11.142857142857142,24,0.0,8.032899550574982,15.0,6.967100449425018,True,True,0,0,0
1529302,2026-05-15,1,5,powerplay,a4cc73aa,80b2fb19,31,1,0.0,14,2.0,9.966780637288275,3.0,6.9667806372882755,True,True,0,0,0
1529275,2026-04-22,1,9,middle,04a418e8,80b2fb19,60,3,0.0,16,8.0,8.958912896696809,2.0,6.958912896696809,True,True,1,0,0
1529284,2026-04-29,2,12,middle,235c2bb6,d45c29b1,150,3,10.444444444444445,7,0.0,11.048919867462141,18.0,6.951080132537859,True,True,0,0,0
1527678,2026-04-01,1,3,powerplay,919a3be2,2cffab74,16,0,0.0,7,4.0,9.935368804314537,3.0,6.935368804314537,True,True,1,0,0
1529309,2026-05-21,2,14,middle,efc04be7,e62dd25d,140,8,12.857142857142858,2,0.0,6.932491316963386,0.0,6.932491316963386,True,True,1,0,0
1529304,2026-05-17,2,19,death,26989d80,03806cf8,183,6,20.0,23,20.0,13.92773388442803,7.0,6.927733884428029,True,True,0,0,0
1529284,2026-04-29,1,9,middle,271f83cd,5750bcb4,110,1,0.0,2,12.0,9.927478302663683,3.0,6.927478302663683,True,True,1,0,0
1529287,2026-05-02,2,5,powerplay,cf59b3f0,e48a4814,37,1,7.6875,6,0.0,11.109741569337062,18.0,6.8902584306629375,True,True,0,1,0
1529300,2026-05-13,2,14,middle,2c25d4f5,5d2eea49,129,1,9.142857142857142,26,8.0,10.885857362464426,4.0,6.885857362464426,True,True,1,0,0
1529310,2026-05-22,2,2,powerplay,ba607b88,5750bcb4,14,0,12.736842105263158,2,7.0,11.880188977612882,5.0,6.880188977612882,True,True,0,0,0
1529298,2026-05-11,1,20,death,85ec8e33,f834dcfc,203,5,0.0,34,10.0,13.879291785948052,7.0,6.879291785948052,True,True,0,0,0
1529298,2026-05-11,2,7,middle,85b3fab2,e1b9f3a9,47,3,11.714285714285714,12,0.0,9.122815876654421,16.0,6.877184123345579,True,True,0,0,5
1527680,2026-04-03,1,9,middle,b2b4f545,d9273ee7,77,1,0.0,28,0.0,10.14335336234564,17.0,6.856646637654361,True,True,0,1,1
1527692,2026-04-12,1,17,death,1c84109e,50c09020,117,5,0.0,7,0.0,9.852939807647749,3.0,6.852939807647749,True,True,1,0,1
1529303,2026-05-16,2,18,death,d5130a30,5d2eea49,182,2,22.0,16,3.0,14.148189323367149,21.0,6.8518106766328515,True,True,0,1,0
1529269,2026-04-18,2,17,death,85b3fab2,03806cf8,135,4,10.25,34,5.0,10.849964489728581,4.0,6.849964489728581,True,True,0,0,0
1529284,2026-04-29,1,19,death,dbe50b21,280fff14,221,3,0.0,14,0.0,14.842837258085876,8.0,6.842837258085876,True,True,1,1,0
1529307,2026-05-19,2,4,powerplay,6c19c6e5,c33d8116,30,0,11.235294117647058,10,20.0,12.16014498313378,19.0,6.83985501686622,True,True,0,1,0
1527688,2026-04-09,2,3,powerplay,6a26221c,21d4e29b,13,0,9.38888888888889,6,0.0,11.177653909906194,18.0,6.822346090093806,True,True,0,1,1
1529298,2026-05-11,2,9,middle,85b3fab2,e1b9f3a9,73,3,11.5,16,0.0,9.818087202526847,3.0,6.818087202526847,True,True,1,0,0
1527684,2026-04-05,1,16,death,c740ea83,a2f46292,153,3,0.0,9,8.0,12.18327015746353,19.0,6.8167298425364695,True,True,0,1,1
1529304,2026-05-17,2,17,death,d9273ee7,03806cf8,160,5,15.75,24,23.0,13.813756314537862,7.0,6.813756314537862,True,True,1,0,4
1527675,2026-03-29,1,15,middle,0a509d6b,9ca68676,150,3,0.0,1,0.0,10.192967886867532,17.0,6.807032113132468,True,True,0,1,0
1529267,2026-04-16,2,11,middle,9418198b,1abb78f8,100,2,9.6,21,9.0,11.2018671451399,18.0,6.7981328548601,True,True,0,1,1
1529297,2026-05-10,1,16,death,b0482a1d,c5aef772,131,4,0.0,34,0.0,11.797517296798594,5.0,6.797517296798594,True,True,1,0,0
1529299,2026-05-12,2,10,middle,d7423da1,85e0cf10,54,4,10.454545454545455,10,0.0,8.790608242577498,2.0,6.790608242577498,True,True,1,0,0
1529282,2026-04-27,1,12,middle,68c56d09,9440ef41,58,7,0.0,6,0.0,7.784859120984391,1.0,6.784859120984391,True,True,0,0,1
1529273,2026-04-20,1,16,death,dbe50b21,e62dd25d,122,4,0.0,6,41.0,10.782072120250472,4.0,6.782072120250472,True,True,0,0,0
1529281,2026-04-26,1,2,powerplay,29e95537,c33d8116,2,0,0.0,6,5.0,7.779870157413131,1.0,6.779870157413131,True,True,1,0,1
1529298,2026-05-11,1,17,death,fe366f34,2cffab74,162,2,0.0,22,0.0,12.774797941542873,6.0,6.774797941542873,True,True,0,0,0
1529302,2026-05-15,1,10,middle,844e79d1,b1ad996b,69,3,0.0,4,0.0,8.773560804414332,2.0,6.773560804414332,True,True,0,0,0
1529284,2026-04-29,2,15,middle,aad0c365,a818c1be,189,3,9.166666666666666,10,11.0,10.769503715090762,4.0,6.769503715090762,True,True,0,0,0
1529284,2026-04-29,2,16,death,235c2bb6,9ca68676,193,3,10.2,21,0.0,12.231565532490196,19.0,6.768434467509804,True,True,0,1,0
1529307,2026-05-19,1,14,middle,919a3be2,133bbd61,156,2,0.0,2,0.0,10.767158622176321,4.0,6.767158622176321,True,True,0,0,2
1529284,2026-04-29,2,6,powerplay,12b610c2,462411b3,74,0,11.333333333333334,16,20.0,11.234308510448383,18.0,6.765691489551617,True,True,0,1,0
1527687,2026-04-08,1,6,powerplay,99b75528,f834dcfc,63,1,0.0,16,0.0,11.759375639981876,5.0,6.759375639981876,True,True,0,0,0
1529297,2026-05-10,2,1,powerplay,3c55c703,23eeb873,0,0,8.35,0,0.0,7.247949629465405,14.0,6.752050370534595,True,True,1,0,1
1529309,2026-05-21,1,7,middle,b4b99816,efc04be7,62,0,0.0,18,1.0,9.24892065968299,16.0,6.751079340317011,True,True,0,1,0
1535464,2026-05-29,2,9,middle,d5130a30,46a9bea1,91,0,10.333333333333334,21,46.0,10.255598122676869,17.0,6.744401877323131,True,True,0,1,0
1527691,2026-04-11,1,12,middle,a4cc73aa,8d2c70ad,103,1,0.0,35,41.0,9.260424381156131,16.0,6.739575618843869,True,True,0,1,0
1529312,2026-05-24,1,8,middle,3ff033bb,9ca68676,60,3,0.0,2,0.0,8.261969272527942,15.0,6.738030727472058,True,True,0,1,3
1529308,2026-05-20,1,2,powerplay,740742ef,11061889,6,0,0.0,1,0.0,10.736531984354169,4.0,6.736531984354169,True,True,0,0,2
1529264,2026-04-13,1,1,powerplay,f29185a1,5574750c,0,0,0.0,0,0.0,8.729944285885088,2.0,6.729944285885088,True,True,1,0,0
1535463,2026-05-27,1,12,middle,bcf325d2,ded9240e,151,2,0.0,7,28.0,10.278083988510154,17.0,6.721916011489846,True,True,0,1,0
1529264,2026-04-13,1,14,middle,235c2bb6,ce820073,140,2,0.0,16,21.0,11.718740852870022,5.0,6.718740852870022,True,True,1,0,2
1527688,2026-04-09,2,10,middle,3241e3fd,9d430b40,84,3,8.909090909090908,4,37.0,7.716744576068418,1.0,6.716744576068418,True,True,0,0,0
1529292,2026-05-06,2,5,powerplay,fe366f34,280fff14,29,3,12.9375,9,0.0,12.2866669541981,19.0,6.7133330458019,True,True,0,1,2
1527677,2026-03-31,1,19,death,f19ccfad,54e52590,144,4,0.0,15,0.0,12.709704281320247,6.0,6.709704281320247,True,True,1,0,1
1529274,2026-04-21,2,6,powerplay,b17e2f24,280fff14,54,1,12.6,12,0.0,11.70804861120634,5.0,6.70804861120634,True,True,0,0,0
1529292,2026-05-06,2,12,middle,fe366f34,ded9240e,109,4,14.11111111111111,27,0.0,11.704994507727253,5.0,6.704994507727253,True,True,1,0,0
1529304,2026-05-17,1,19,death,f1f99156,8f6dd463,200,3,0.0,5,0.0,14.696814974461269,8.0,6.696814974461269,True,True,0,0,0
1529288,2026-05-03,2,6,powerplay,d7017798,5750bcb4,55,1,7.4,4,7.0,9.324857029861537,16.0,6.675142970138463,True,True,0,1,1
1529296,2026-05-10,2,9,middle,cf59b3f0,80b2fb19,121,1,6.916666666666667,17,0.0,10.674404911061657,4.0,6.674404911061657,True,True,0,0,0
1529303,2026-05-16,1,15,middle,eaa76d3c,0f721006,174,2,0.0,10,1.0,11.665352663486614,5.0,6.665352663486614,True,True,0,0,1
1529312,2026-05-24,1,19,death,fe93fd9d,172dff15,175,8,0.0,1,0.0,9.339476305102306,16.0,6.6605236948976945,True,True,0,1,1
1529275,2026-04-22,1,16,death,fe93fd9d,80b2fb19,107,5,0.0,12,0.0,9.644901945648547,3.0,6.644901945648547,True,True,1,0,0
1535465,2026-05-31,1,14,middle,f19ccfad,dadbdb68,83,4,0.0,14,1.0,9.356663687321186,16.0,6.643336312678814,True,True,0,1,0
1529302,2026-05-15,2,6,powerplay,989889ff,83c3e8e3,67,0,8.066666666666666,11,0.0,12.356884702075163,19.0,6.643115297924837,True,True,0,1,0
1529301,2026-05-14,2,8,middle,740742ef,57ee1fde,69,1,10.153846153846153,17,38.0,9.636198030926844,3.0,6.636198030926844,True,True,0,0,0
1529267,2026-04-16,2,13,middle,85ec8e33,462411b3,130,2,8.25,23,51.0,9.369318050160281,16.0,6.630681949839719,True,True,0,1,2
1529272,2026-04-19,2,6,powerplay,872b03f7,54e52590,55,0,13.333333333333334,16,13.0,12.617128570245871,6.0,6.617128570245871,True,True,1,0,0
1529280,2026-04-26,1,5,powerplay,45a43fe2,2f49c897,25,2,0.0,6,47.0,7.607371891528439,1.0,6.607371891528439,True,True,1,0,0
1527682,2026-04-04,1,16,death,bcf325d2,50c09020,160,3,0.0,26,0.0,12.607123655100173,6.0,6.607123655100173,True,True,1,0,0
1529306,2026-05-18,2,8,middle,752f7486,4d7f517e,53,1,9.846153846153847,17,0.0,10.586511768368773,4.0,6.586511768368773,True,True,1,0,0
1527674,2026-03-28,1,19,death,6c79c098,c5aef772,175,8,0.0,1,0.0,10.424480269804555,17.0,6.575519730195445,True,True,1,1,0
1529274,2026-04-21,2,19,death,f89d3b11,280fff14,186,6,28.5,22,0.0,12.575286671803761,6.0,6.575286671803761,True,True,0,0,0
1529272,2026-04-19,2,10,middle,919a3be2,57ee1fde,97,1,14.363636363636363,10,64.0,11.566972774534527,5.0,6.566972774534527,True,True,0,0,0
1529277,2026-04-24,1,9,middle,b4b99816,5b8c830e,78,0,0.0,13,52.0,9.434873053791948,16.0,6.565126946208052,True,True,0,1,1
1529275,2026-04-22,1,10,middle,48a1d7b7,b1ad996b,62,4,0.0,11,0.0,7.438371940555925,14.0,6.561628059444075,True,True,0,1,0
1529290,2026-05-04,2,5,powerplay,e66732f8,80b2fb19,44,0,11.5625,13,6.0,12.559637069541694,6.0,6.559637069541694,True,True,0,0,0
1529284,2026-04-29,2,11,middle,aad0c365,9ca68676,134,3,11.0,2,0.0,9.446045276185263,16.0,6.553954723814737,True,True,0,1,0
1529294,2026-05-08,1,15,middle,2e171977,5d2eea49,96,5,0.0,12,3.0,8.553815690848797,2.0,6.553815690848797,True,True,0,0,0
1529288,2026-05-03,2,13,middle,d7017798,7b44eb3e,119,1,5.875,32,7.0,9.553674590771818,3.0,6.553674590771818,True,True,0,0,0
1527689,2026-04-10,1,18,death,c740ea83,ce820073,166,7,0.0,39,3.0,11.550694371626484,5.0,6.550694371626484,True,True,1,0,1
1529276,2026-04-23,2,14,middle,271f83cd,4d7f517e,87,6,17.285714285714285,29,0.0,9.54926628427891,3.0,6.549266284278911,True,True,1,0,0
1527674,2026-03-28,1,3,powerplay,f29185a1,dadbdb68,17,0,0.0,7,0.0,12.543957749462798,6.0,6.543957749462798,True,True,1,0,1
1529302,2026-05-15,2,1,powerplay,3d8feaf8,765a4731,0,0,9.4,0,9.0,8.458198631790736,15.0,6.5418013682092635,True,True,0,0,6
1529264,2026-04-13,1,10,middle,235c2bb6,df064e1a,73,2,0.0,7,10.0,9.45914293789027,16.0,6.54085706210973,True,True,0,1,0
1529282,2026-04-27,1,4,powerplay,fb2d1dda,03806cf8,8,5,0.0,4,6.0,7.53788760563725,1.0,6.53788760563725,True,True,1,0,0
1529284,2026-04-29,1,8,middle,9caf69a1,aad0c365,93,0,0.0,21,0.0,10.4624697632526,17.0,6.537530236747401,True,True,1,1,0
1529301,2026-05-14,1,3,powerplay,b5797845,23eeb873,16,0,0.0,6,7.0,11.534244186719517,5.0,6.534244186719517,True,True,0,0,0
1529308,2026-05-20,2,4,powerplay,29e95537,462411b3,17,1,7.705882352941177,9,48.0,7.471424264520569,14.0,6.528575735479431,True,True,0,0,0
1529303,2026-05-16,2,6,powerplay,b4b99816,64839cb3,51,1,13.133333333333333,12,6.0,11.528311648736386,5.0,6.528311648736386,True,True,0,0,0
1529273,2026-04-20,1,13,middle,b0482a1d,85e0cf10,95,3,0.0,16,10.0,9.523276216181467,3.0,6.523276216181467,True,True,1,0,0
1527677,2026-03-31,2,2,powerplay,b5797845,e62dd25d,7,0,8.210526315789474,6,5.0,9.511733882912353,3.0,6.5117338829123526,True,True,1,0,0
1529302,2026-05-15,1,11,middle,7b679de5,f9e6e7ef,71,3,0.0,18,5.0,8.501182607117824,15.0,6.4988173928821755,True,True,0,1,0
1527683,2026-04-05,2,14,middle,3241e3fd,7b44eb3e,105,3,7.428571428571429,3,0.0,9.495971959164846,3.0,6.495971959164846,True,True,1,0,0
1535464,2026-05-29,2,15,middle,b4b99816,5574750c,178,1,6.166666666666667,49,30.0,10.492152709271211,4.0,6.4921527092712115,True,True,1,0,0
1529281,2026-04-26,1,15,middle,be24ead0,e5437608,91,6,0.0,7,0.0,8.490271113287996,2.0,6.490271113287996,True,True,1,0,0
1529311,2026-05-23,1,18,death,8e514b4c,81c36ee9,169,5,0.0,10,12.0,10.4894714392474,4.0,6.489471439247399,True,True,1,0,0
1529264,2026-04-13,1,13,middle,235c2bb6,5574750c,123,2,0.0,14,4.0,10.52138553605986,17.0,6.47861446394014,True,True,0,0,0
1529265,2026-04-14,1,18,death,a4e37e47,5d2eea49,169,4,0.0,2,7.0,12.476619870471328,6.0,6.476619870471328,True,True,1,0,1
1529290,2026-05-04,2,14,middle,b0482a1d,cf0ccafa,172,1,8.142857142857142,5,0.0,11.476375598419652,5.0,6.4763755984196525,True,True,1,0,0
1529287,2026-05-02,1,19,death,e48a4814,59559bc2,142,6,0.0,3,4.0,10.475834937209568,4.0,6.475834937209568,True,True,0,0,0
1529286,2026-05-01,1,15,middle,04a418e8,ce794613,130,3,0.0,41,27.0,10.529949754015664,17.0,6.470050245984336,True,True,0,1,1
1535463,2026-05-27,1,6,powerplay,6c19c6e5,ece7b6b3,74,0,0.0,11,2.0,12.463348972859967,6.0,6.463348972859967,True,True,0,0,0
1527684,2026-04-05,1,10,middle,2c25d4f5,efc04be7,87,1,0.0,10,5.0,10.445617453517537,4.0,6.445617453517537,True,True,0,0,0
1529277,2026-04-24,2,14,middle,ba607b88,0f721006,141,2,9.285714285714286,40,9.0,10.556780613584852,17.0,6.443219386415148,True,True,1,1,1
1529280,2026-04-26,2,3,powerplay,b4b99816,59559bc2,13,0,8.11111111111111,8,0.0,10.558703730641108,17.0,6.441296269358892,True,True,0,1,0
1529312,2026-05-24,1,13,middle,bcf325d2,172dff15,115,4,0.0,23,1.0,10.439674540511675,4.0,6.439674540511675,True,True,1,0,0
1527676,2026-03-30,1,16,death,59559bc2,df064e1a,93,8,0.0,19,0.0,7.436277985434823,1.0,6.436277985434823,True,True,1,0,0
1529301,2026-05-14,2,1,powerplay,740742ef,244048f6,0,0,10.05,0,26.0,8.43134819184963,2.0,6.431348191849629,True,True,0,0,0
1527681,2026-04-04,2,13,middle,f89d3b11,462411b3,107,3,7.0,34,6.0,7.427595898127585,1.0,6.427595898127585,True,True,0,0,0
1529271,2026-04-19,2,14,middle,0a509d6b,02dfebbe,84,5,10.285714285714286,12,0.0,9.42490620174667,3.0,6.424906201746669,True,True,1,0,0
1529305,2026-05-17,1,8,middle,470f446b,fb5f69e4,86,1,0.0,19,0.0,12.422563052446781,6.0,6.422563052446781,True,True,1,0,1
1529292,2026-05-06,2,19,death,81c36ee9,25228673,168,6,34.0,12,0.0,12.5777828074785,19.0,6.422217192521501,True,True,0,1,0
1529281,2026-04-26,1,19,death,0a509d6b,8cf9814c,112,7,0.0,40,12.0,10.581865479184422,17.0,6.418134520815578,True,True,0,1,0
1527690,2026-04-11,1,16,death,235c2bb6,3b53243a,176,3,0.0,21,0.0,12.413563789108283,6.0,6.413563789108283,True,True,0,0,0
1529301,2026-05-14,2,14,middle,b0482a1d,81c36ee9,116,3,12.142857142857142,11,6.0,11.403145241001278,5.0,6.403145241001278,True,True,0,0,0
1529310,2026-05-22,2,13,middle,c740ea83,280fff14,121,3,16.875,18,0.0,12.401178786889554,6.0,6.401178786889554,True,True,0,0,0
1535464,2026-05-29,2,18,death,f19ccfad,465aa633,201,2,4.666666666666667,8,0.0,10.398959557403387,4.0,6.398959557403387,True,True,1,0,1
1527691,2026-04-11,2,2,powerplay,b17e2f24,a2f46292,8,0,10.789473684210526,2,39.0,9.613000659953233,16.0,6.386999340046767,True,True,0,1,0
1529281,2026-04-26,2,11,middle,6a26221c,eaa76d3c,63,1,9.3,25,3.0,10.385407376870422,4.0,6.385407376870422,True,True,1,0,0
1529277,2026-04-24,1,20,death,0f721006,5b8c830e,187,3,0.0,5,0.0,11.614944571513504,18.0,6.3850554284864955,True,True,0,1,0
1527674,2026-03-28,1,8,middle,235c2bb6,c5aef772,54,3,0.0,7,0.0,9.631984640590685,16.0,6.3680153594093145,True,True,0,0,0
